labels,total gas mass,total stellar mass,disk gas mass,disk stellar mass,CGM gas mass,CGM stellar mass,merger,merger mass ratio,merger redshift
P0,109427941768.24152,57091857961.98775,7891545087.526418,49096933912.34327,101536396680.71515,7994924049.644458,Not found yet,Not found yet,Not found yet
GM1,100939905907.21045,64323633658.62205,9126408314.30453,57571867560.37312,91813497592.90585,6751766098.248932,Not found yet,Not found yet,Not found yet
GM4,63641157003.25143,10412024665.838312,193598944.8057962,4349652000.498928,63447558058.44562,6062372665.339382,Not found yet,Not found yet,Not found yet
GM5,91141794011.56116,14098062412.252918,288615113.5936885,8024108717.002888,90853178897.96747,6073953695.250029,Not found yet,Not found yet,Not found yet
GM6,57656798360.67452,11254950803.9419,184013552.384321,5454263330.583716,57472784808.29019,5800687473.358185,Not found yet,Not found yet,Not found yet
GM7,74132734900.2474,12475391103.137337,542550113.3132715,6832098245.906478,73590184786.93414,5643292857.230865,Not found yet,Not found yet,Not found yet
